{
    "crop151": {
        "endo": {
            "accuracy": 0.957183125,
            "dice_score": 0.5481529376266219,
            "iou": 0.37755556479243735,
            "true_positives": 190749,
            "false_positives": 140427,
            "false_negatives": 174045,
            "false_positive_ratio": 0.38494876560469743,
            "false_negative_ratio": 0.4771048865935295,
            "hausdorff_distance": 285.3657816597936,
            "normalized_hausdorff_distance": 0.66375365189797,
            "combined_score": 0.5006035206881598,
            "num_voxels": 8000000,
            "voxel_size": [
                4.0,
                4.0,
                4.0
            ],
            "is_missing": false
        },
        "ves": {
            "accuracy": 0.97695875,
            "dice_score": 0.4256909981737752,
            "iou": 0.27039863056106933,
            "true_positives": 74242,
            "false_positives": 81790,
            "false_negatives": 118533,
            "false_positive_ratio": 0.4242770068732979,
            "false_negative_ratio": 0.6148774478018415,
            "hausdorff_distance": 176.4099603734908,
            "normalized_hausdorff_distance": 0.7761875185121333,
            "combined_score": 0.4581266659607095,
            "num_voxels": 8000000,
            "voxel_size": [
                4.0,
                4.0,
                4.0
            ],
            "is_missing": false
        },
        "mito": {
            "accuracy": 1.0,
            "dice_score": 1,
            "iou": 1.0,
            "true_positives": 0,
            "false_positives": 0,
            "false_negatives": 0,
            "false_positive_ratio": 0.0,
            "false_negative_ratio": 0.0,
            "hausdorff_distance": 0,
            "normalized_hausdorff_distance": 1.0,
            "combined_score": 1.0,
            "num_voxels": 8000000,
            "voxel_size": [
                4.0,
                4.0,
                4.0
            ],
            "is_missing": false
        },
        "cell": {
            "accuracy": 0.912669,
            "dice_score": 0.9543407667505459,
            "iou": 0.912669,
            "true_positives": 7301352,
            "false_positives": 0,
            "false_negatives": 698648,
            "false_positive_ratio": 0.0,
            "false_negative_ratio": 0.087331,
            "hausdorff_distance": 41.569219381653056,
            "normalized_hausdorff_distance": 0.9420452352542067,
            "combined_score": 0.927240790094041,
            "num_voxels": 8000000,
            "voxel_size": [
                4.0,
                4.0,
                4.0
            ],
            "is_missing": false
        },
        "perox": {
            "accuracy": 1.0,
            "dice_score": 1,
            "iou": 1.0,
            "true_positives": 0,
            "false_positives": 0,
            "false_negatives": 0,
            "false_positive_ratio": 0.0,
            "false_negative_ratio": 0.0,
            "hausdorff_distance": 0,
            "normalized_hausdorff_distance": 1.0,
            "combined_score": 1.0,
            "num_voxels": 8000000,
            "voxel_size": [
                4.0,
                4.0,
                4.0
            ],
            "is_missing": false
        },
        "lyso": {
            "accuracy": 1.0,
            "dice_score": 1,
            "iou": 1.0,
            "true_positives": 0,
            "false_positives": 0,
            "false_negatives": 0,
            "false_positive_ratio": 0.0,
            "false_negative_ratio": 0.0,
            "hausdorff_distance": 0,
            "normalized_hausdorff_distance": 1.0,
            "combined_score": 1.0,
            "num_voxels": 8000000,
            "voxel_size": [
                4.0,
                4.0,
                4.0
            ],
            "is_missing": false
        }
    },
    "crop138": {
        "endo": {
            "accuracy": 0.997684546875,
            "dice_score": 0.30530758196295293,
            "iou": 0.18015515896187762,
            "true_positives": 36714,
            "false_positives": 33910,
            "false_negatives": 133167,
            "false_positive_ratio": 0.1996103154561134,
            "false_negative_ratio": 0.7838840129266957,
            "hausdorff_distance": 201.36437981332998,
            "normalized_hausdorff_distance": 0.7488617881077002,
            "combined_score": 0.367302755879967,
            "num_voxels": 64000000,
            "voxel_size": [
                4.0,
                4.0,
                4.0
            ],
            "is_missing": false
        },
        "ves": {
            "accuracy": 0.999790515625,
            "dice_score": 0.3024366014514749,
            "iou": 0.17815923794661725,
            "true_positives": 5480,
            "false_positives": 14200,
            "false_negatives": 11079,
            "false_positive_ratio": 0.8575397065040159,
            "false_negative_ratio": 0.6690621414336615,
            "hausdorff_distance": 363.15315573994826,
            "normalized_hausdorff_distance": 0.5935920734215813,
            "combined_score": 0.32519826483537917,
            "num_voxels": 64000000,
            "voxel_size": [
                4.0,
                4.0,
                4.0
            ],
            "is_missing": false
        },
        "mito": {
            "accuracy": 0.913757921875,
            "dice_score": 0.94667897012671,
            "iou": 0.89875635563888,
            "true_positives": 14158232,
            "false_positives": 177568,
            "false_negatives": 1417337,
            "false_positive_ratio": 0.011400418180549295,
            "false_negative_ratio": 0.09099744606441024,
            "hausdorff_distance": 163.4607256405193,
            "normalized_hausdorff_distance": 0.7907579487400453,
            "combined_score": 0.8430294966382134,
            "num_voxels": 64000000,
            "voxel_size": [
                4.0,
                4.0,
                4.0
            ],
            "is_missing": false
        },
        "cell": {
            "accuracy": 0.9554815,
            "dice_score": 0.977234061199629,
            "iou": 0.955481625,
            "true_positives": 61150824,
            "false_positives": 0,
            "false_negatives": 2849176,
            "false_positive_ratio": 0.0,
            "false_negative_ratio": 0.044518375,
            "hausdorff_distance": 41.569219381653056,
            "normalized_hausdorff_distance": 0.9420452352542067,
            "combined_score": 0.9487396440563642,
            "num_voxels": 64000000,
            "voxel_size": [
                4.0,
                4.0,
                4.0
            ],
            "is_missing": false
        },
        "perox": {
            "accuracy": 1.0,
            "dice_score": 0.0,
            "iou": 0.0,
            "true_positives": 0,
            "false_positives": 114960,
            "false_negatives": 0,
            "false_positive_ratio": 0.0,
            "false_negative_ratio": 0.0,
            "hausdorff_distance": 0,
            "normalized_hausdorff_distance": 1.0,
            "combined_score": 0.0,
            "num_voxels": 64000000,
            "voxel_size": [
                4.0,
                4.0,
                4.0
            ],
            "is_missing": false
        },
        "lyso": {
            "accuracy": 1.0,
            "dice_score": 1,
            "iou": 1.0,
            "true_positives": 0,
            "false_positives": 0,
            "false_negatives": 0,
            "false_positive_ratio": 0.0,
            "false_negative_ratio": 0.0,
            "hausdorff_distance": 0,
            "normalized_hausdorff_distance": 1.0,
            "combined_score": 1.0,
            "num_voxels": 64000000,
            "voxel_size": [
                4.0,
                4.0,
                4.0
            ],
            "is_missing": false
        }
    },